evidence_class,measurement_warning,workload,regime,seed,policy,configured_cache_hit_probability,configured_token_acceptance_probability,observed_cache_hits,observed_cache_misses,observed_cache_hit_rate,accepted_draft_tokens,mean_verifier_tokens_per_round,requests,output_tokens,makespan_ms,p50_tbt_ms,p95_tbt_ms,p99_tbt_ms,throughput_tokens_per_s,slo_attainment,padded_verifier_slots,hit_externality_ms,total_hit_externality_ms,target_launches,draft_launches,mean_batch
synthetic-model,SYNTHETIC MODEL OUTPUT — NOT GPU MEASUREMENTS.,synchronized-cohort,c0-0p700_t0-0p550,7,saguaro-barrier,0.7,0.55,782,375,0.675885911840968,1147,1.9913569576490924,48,2304,522.5838333333336,0.0,21.156000000000063,21.156000000000063,4408.861991202048,0.5483156028368794,0,1.7180946291560077,1343.5499999999981,78,151,14.833333333333334
synthetic-model,SYNTHETIC MODEL OUTPUT — NOT GPU MEASUREMENTS.,synchronized-cohort,c0-0p700_t0-0p550,7,spectre-parallel-padded,0.7,0.55,675,316,0.6811301715438951,1005,2.0141271442986883,48,2304,584.5031666666672,7.0519999999999925,28.208000000000084,28.208000000000084,3941.8092687835415,0.6117021276595744,885,1.150400246913589,776.5201666666726,89,252,14.595505617977528
synthetic-model,SYNTHETIC MODEL OUTPUT — NOT GPU MEASUREMENTS.,synchronized-cohort,c0-0p700_t0-0p550,7,immediate-fission,0.7,0.55,782,375,0.675885911840968,1147,1.9913569576490924,48,2304,521.6463333333338,0.0,21.156000000000063,21.156000000000063,4416.785574389796,0.5478723404255319,0,0.0,0.0,79,153,14.645569620253164
synthetic-model,SYNTHETIC MODEL OUTPUT — NOT GPU MEASUREMENTS.,synchronized-cohort,c0-0p700_t0-0p550,7,fixed-coalesce,0.7,0.55,782,375,0.675885911840968,1147,1.9913569576490924,48,2304,525.6463333333338,0.0,21.156000000000063,21.156000000000063,4383.175252815736,0.5478723404255319,0,0.0,0.0,79,153,14.645569620253164
synthetic-model,SYNTHETIC MODEL OUTPUT — NOT GPU MEASUREMENTS.,synchronized-cohort,c0-0p700_t0-0p550,7,fissionspec-horizon-2,0.7,0.55,782,375,0.675885911840968,1147,1.9913569576490924,48,2304,521.6463333333338,0.0,21.156000000000063,21.156000000000063,4416.785574389796,0.5478723404255319,0,0.0,0.0,79,153,14.645569620253164
synthetic-model,SYNTHETIC MODEL OUTPUT — NOT GPU MEASUREMENTS.,synchronized-cohort,c0-0p700_t1-0p900,7,saguaro-barrier,0.7,0.9,474,217,0.6859623733719248,1613,3.3342981186685963,48,2304,309.21116666666666,0.0,21.156000000000013,21.15600000000002,7451.218611660748,0.7309397163120568,0,1.6536919831223604,783.8499999999989,46,89,15.021739130434783
synthetic-model,SYNTHETIC MODEL OUTPUT — NOT GPU MEASUREMENTS.,synchronized-cohort,c0-0p700_t1-0p900,7,spectre-parallel-padded,0.7,0.9,438,200,0.6865203761755486,1480,3.3197492163009406,48,2304,369.42,0.0,28.208,28.208000000000027,6236.803638135455,0.7531028368794326,537,1.1088493150684926,485.67599999999976,56,157,14.714285714285714
synthetic-model,SYNTHETIC MODEL OUTPUT — NOT GPU MEASUREMENTS.,synchronized-cohort,c0-0p700_t1-0p900,7,immediate-fission,0.7,0.9,474,217,0.6859623733719248,1613,3.3342981186685963,48,2304,308.00283333333323,0.0,21.156000000000013,21.15600000000002,7480.450666849929,0.7309397163120568,0,0.0,0.0,46,88,15.021739130434783
synthetic-model,SYNTHETIC MODEL OUTPUT — NOT GPU MEASUREMENTS.,synchronized-cohort,c0-0p700_t1-0p900,7,fixed-coalesce,0.7,0.9,474,217,0.6859623733719248,1613,3.3342981186685963,48,2304,309.00283333333323,0.0,21.156000000000013,21.15600000000002,7456.242310615277,0.7309397163120568,0,0.0,0.0,46,88,15.021739130434783
synthetic-model,SYNTHETIC MODEL OUTPUT — NOT GPU MEASUREMENTS.,synchronized-cohort,c0-0p700_t1-0p900,7,fissionspec-horizon-2,0.7,0.9,474,217,0.6859623733719248,1613,3.3342981186685963,48,2304,308.00283333333323,0.0,21.156000000000013,21.15600000000002,7480.450666849929,0.7309397163120568,0,0.0,0.0,46,88,15.021739130434783
synthetic-model,SYNTHETIC MODEL OUTPUT — NOT GPU MEASUREMENTS.,synchronized-cohort,c1-0p950_t0-0p550,7,saguaro-barrier,0.95,0.55,1099,58,0.9498703543647364,1147,1.9913569576490924,48,2304,517.3421666666671,0.0,21.156000000000063,21.156000000000063,4453.532204508102,0.5483156028368794,0,0.7036396724294798,773.2999999999982,78,119,14.833333333333334
synthetic-model,SYNTHETIC MODEL OUTPUT — NOT GPU MEASUREMENTS.,synchronized-cohort,c1-0p950_t0-0p550,7,spectre-parallel-padded,0.95,0.55,1071,55,0.9511545293072824,1125,1.9991119005328597,48,2304,530.8446666666671,2.1720000000000255,21.156000000000063,28.208000000000084,4340.252704180881,0.563386524822695,148,0.221990196078435,237.7515000000039,81,163,14.555555555555555
synthetic-model,SYNTHETIC MODEL OUTPUT — NOT GPU MEASUREMENTS.,synchronized-cohort,c1-0p950_t0-0p550,7,immediate-fission,0.95,0.55,1099,58,0.9498703543647364,1147,1.9913569576490924,48,2304,517.3421666666671,0.0,21.156000000000063,21.156000000000063,4453.532204508102,0.5483156028368794,0,0.0,0.0,78,119,14.833333333333334
synthetic-model,SYNTHETIC MODEL OUTPUT — NOT GPU MEASUREMENTS.,synchronized-cohort,c1-0p950_t0-0p550,7,fixed-coalesce,0.95,0.55,1099,58,0.9498703543647364,1147,1.9913569576490924,48,2304,523.3421666666671,0.0,21.156000000000063,21.156000000000063,4402.473461435201,0.5483156028368794,0,0.0,0.0,78,119,14.833333333333334
synthetic-model,SYNTHETIC MODEL OUTPUT — NOT GPU MEASUREMENTS.,synchronized-cohort,c1-0p950_t0-0p550,7,fissionspec-horizon-2,0.95,0.55,1099,58,0.9498703543647364,1147,1.9913569576490924,48,2304,517.3421666666671,0.0,21.156000000000063,21.156000000000063,4453.532204508102,0.5483156028368794,0,0.0,0.0,78,119,14.833333333333334
synthetic-model,SYNTHETIC MODEL OUTPUT — NOT GPU MEASUREMENTS.,synchronized-cohort,c1-0p950_t1-0p900,7,saguaro-barrier,0.95,0.9,659,32,0.9536903039073806,1613,3.3342981186685963,48,2304,307.42783333333324,0.0,21.156000000000013,21.15600000000002,7494.441784982602,0.7309397163120568,0,0.6349013657056148,418.4000000000002,45,69,15.355555555555556
synthetic-model,SYNTHETIC MODEL OUTPUT — NOT GPU MEASUREMENTS.,synchronized-cohort,c1-0p950_t1-0p900,7,spectre-parallel-padded,0.95,0.9,646,32,0.9528023598820059,1596,3.353982300884956,48,2304,313.72200000000004,0.0,21.15600000000002,28.207999999999984,7344.081702908944,0.7367021276595744,82,0.20685526315789504,133.6285000000002,46,95,15.391304347826088
synthetic-model,SYNTHETIC MODEL OUTPUT — NOT GPU MEASUREMENTS.,synchronized-cohort,c1-0p950_t1-0p900,7,immediate-fission,0.95,0.9,659,32,0.9536903039073806,1613,3.3342981186685963,48,2304,308.0444999999999,0.0,21.156000000000013,21.15600000000002,7479.4388473094,0.7309397163120568,0,0.0,0.0,46,69,15.021739130434783
synthetic-model,SYNTHETIC MODEL OUTPUT — NOT GPU MEASUREMENTS.,synchronized-cohort,c1-0p950_t1-0p900,7,fixed-coalesce,0.95,0.9,659,32,0.9536903039073806,1613,3.3342981186685963,48,2304,310.0444999999999,0.0,21.156000000000013,21.15600000000002,7431.191328986648,0.7309397163120568,0,0.0,0.0,46,69,15.021739130434783
synthetic-model,SYNTHETIC MODEL OUTPUT — NOT GPU MEASUREMENTS.,synchronized-cohort,c1-0p950_t1-0p900,7,fissionspec-horizon-2,0.95,0.9,659,32,0.9536903039073806,1613,3.3342981186685963,48,2304,308.0444999999999,0.0,21.156000000000013,21.15600000000002,7479.4388473094,0.7309397163120568,0,0.0,0.0,46,69,15.021739130434783
synthetic-model,SYNTHETIC MODEL OUTPUT — NOT GPU MEASUREMENTS.,synchronized-cohort,c0-0p700_t0-0p550,17,saguaro-barrier,0.7,0.55,786,358,0.6870629370629371,1160,2.013986013986014,48,2304,511.52833333333365,0.0,21.156000000000063,21.156000000000063,4504.149330274958,0.5664893617021277,0,1.7059796437659036,1340.9000000000003,77,149,14.857142857142858
synthetic-model,SYNTHETIC MODEL OUTPUT — NOT GPU MEASUREMENTS.,synchronized-cohort,c0-0p700_t0-0p550,17,spectre-parallel-padded,0.7,0.55,687,314,0.6863136863136863,1001,2.0,48,2304,579.5193333333337,7.0519999999999925,28.208000000000084,28.208000000000084,3975.708604487164,0.6085992907801419,871,1.1620955846676435,798.3596666666712,86,247,15.151162790697674
synthetic-model,SYNTHETIC MODEL OUTPUT — NOT GPU MEASUREMENTS.,synchronized-cohort,c0-0p700_t0-0p550,17,immediate-fission,0.7,0.55,786,358,0.6870629370629371,1160,2.013986013986014,48,2304,509.86166666666696,0.0,21.156000000000063,21.156000000000063,4518.872766142448,0.5651595744680851,0,0.0,0.0,76,147,15.052631578947368
synthetic-model,SYNTHETIC MODEL OUTPUT — NOT GPU MEASUREMENTS.,synchronized-cohort,c0-0p700_t0-0p550,17,fixed-coalesce,0.7,0.55,786,358,0.6870629370629371,1160,2.013986013986014,48,2304,511.86166666666696,0.0,21.156000000000063,21.156000000000063,4501.216148894393,0.5651595744680851,0,0.0,0.0,76,147,15.052631578947368
synthetic-model,SYNTHETIC MODEL OUTPUT — NOT GPU MEASUREMENTS.,synchronized-cohort,c0-0p700_t0-0p550,17,fissionspec-horizon-2,0.7,0.55,786,358,0.6870629370629371,1160,2.013986013986014,48,2304,509.86166666666696,0.0,21.156000000000063,21.156000000000063,4518.872766142448,0.5651595744680851,0,0.0,0.0,76,147,15.052631578947368
synthetic-model,SYNTHETIC MODEL OUTPUT — NOT GPU MEASUREMENTS.,synchronized-cohort,c0-0p700_t1-0p900,17,saguaro-barrier,0.7,0.9,475,211,0.6924198250728864,1618,3.358600583090379,48,2304,305.9228333333333,0.0,21.156000000000013,21.15600000000002,7531.311000540987,0.7415780141843972,0,1.62357894736842,771.1999999999995,45,87,15.244444444444444
synthetic-model,SYNTHETIC MODEL OUTPUT — NOT GPU MEASUREMENTS.,synchronized-cohort,c0-0p700_t1-0p900,17,spectre-parallel-padded,0.7,0.9,438,192,0.6952380952380952,1492,3.3682539682539683,48,2304,364.0906666666668,0.0,28.208000000000006,28.208000000000055,6328.09410110302,0.7641843971631206,530,1.119533105022833,490.3555000000008,55,150,14.763636363636364
synthetic-model,SYNTHETIC MODEL OUTPUT — NOT GPU MEASUREMENTS.,synchronized-cohort,c0-0p700_t1-0p900,17,immediate-fission,0.7,0.9,475,211,0.6924198250728864,1618,3.358600583090379,48,2304,304.68533333333323,0.0,21.156000000000013,21.15600000000002,7561.899927356751,0.7415780141843972,0,0.0,0.0,45,88,15.244444444444444
synthetic-model,SYNTHETIC MODEL OUTPUT — NOT GPU MEASUREMENTS.,synchronized-cohort,c0-0p700_t1-0p900,17,fixed-coalesce,0.7,0.9,475,211,0.6924198250728864,1618,3.358600583090379,48,2304,304.68533333333323,0.0,21.156000000000013,21.15600000000002,7561.899927356751,0.7415780141843972,0,0.0,0.0,45,88,15.244444444444444
synthetic-model,SYNTHETIC MODEL OUTPUT — NOT GPU MEASUREMENTS.,synchronized-cohort,c0-0p700_t1-0p900,17,fissionspec-horizon-2,0.7,0.9,475,211,0.6924198250728864,1618,3.358600583090379,48,2304,304.68533333333323,0.0,21.156000000000013,21.15600000000002,7561.899927356751,0.7415780141843972,0,0.0,0.0,45,88,15.244444444444444
synthetic-model,SYNTHETIC MODEL OUTPUT — NOT GPU MEASUREMENTS.,synchronized-cohort,c1-0p950_t0-0p550,17,saguaro-barrier,0.95,0.55,1081,63,0.9449300699300699,1160,2.013986013986014,48,2304,508.0158333333336,0.0,21.156000000000063,21.156000000000063,4535.2917149891955,0.5664893617021277,0,0.780481036077705,843.6999999999991,75,120,15.253333333333334
synthetic-model,SYNTHETIC MODEL OUTPUT — NOT GPU MEASUREMENTS.,synchronized-cohort,c1-0p950_t0-0p550,17,spectre-parallel-padded,0.95,0.55,1058,62,0.9446428571428571,1126,2.005357142857143,48,2304,528.1060000000002,2.1539999999999964,21.156000000000063,28.208000000000027,4362.760506413483,0.574468085106383,168,0.2448615311909284,259.06350000000225,80,159,14.725
synthetic-model,SYNTHETIC MODEL OUTPUT — NOT GPU MEASUREMENTS.,synchronized-cohort,c1-0p950_t0-0p550,17,immediate-fission,0.95,0.55,1081,63,0.9449300699300699,1160,2.013986013986014,48,2304,508.0575000000004,0.0,21.156000000000063,21.156000000000063,4534.919767939649,0.5660460992907801,0,0.0,0.0,75,120,15.253333333333334
synthetic-model,SYNTHETIC MODEL OUTPUT — NOT GPU MEASUREMENTS.,synchronized-cohort,c1-0p950_t0-0p550,17,fixed-coalesce,0.95,0.55,1081,63,0.9449300699300699,1160,2.013986013986014,48,2304,512.0575000000005,0.0,21.156000000000063,21.156000000000063,4499.494685655415,0.5660460992907801,0,0.0,0.0,75,120,15.253333333333334
synthetic-model,SYNTHETIC MODEL OUTPUT — NOT GPU MEASUREMENTS.,synchronized-cohort,c1-0p950_t0-0p550,17,fissionspec-horizon-2,0.95,0.55,1081,63,0.9449300699300699,1160,2.013986013986014,48,2304,508.0575000000004,0.0,21.156000000000063,21.156000000000063,4534.919767939649,0.5660460992907801,0,0.0,0.0,75,120,15.253333333333334
synthetic-model,SYNTHETIC MODEL OUTPUT — NOT GPU MEASUREMENTS.,synchronized-cohort,c1-0p950_t1-0p900,17,saguaro-barrier,0.95,0.9,648,38,0.9446064139941691,1618,3.358600583090379,48,2304,305.9228333333333,0.0,21.156000000000013,21.15600000000002,7531.311000540987,0.7415780141843972,0,0.7617283950617295,493.6000000000007,45,73,15.244444444444444
synthetic-model,SYNTHETIC MODEL OUTPUT — NOT GPU MEASUREMENTS.,synchronized-cohort,c1-0p950_t1-0p900,17,spectre-parallel-padded,0.95,0.9,639,37,0.9452662721893491,1591,3.353550295857988,48,2304,318.8229999999999,0.0,21.15600000000002,28.208000000000006,7226.580265539188,0.7455673758865248,99,0.25199061032863745,161.02199999999934,48,100,14.854166666666666
synthetic-model,SYNTHETIC MODEL OUTPUT — NOT GPU MEASUREMENTS.,synchronized-cohort,c1-0p950_t1-0p900,17,immediate-fission,0.95,0.9,648,38,0.9446064139941691,1618,3.358600583090379,48,2304,305.9644999999999,0.0,21.156000000000013,21.15600000000002,7530.285376244633,0.7415780141843972,0,0.0,0.0,45,72,15.244444444444444
synthetic-model,SYNTHETIC MODEL OUTPUT — NOT GPU MEASUREMENTS.,synchronized-cohort,c1-0p950_t1-0p900,17,fixed-coalesce,0.95,0.9,648,38,0.9446064139941691,1618,3.358600583090379,48,2304,307.9644999999999,0.0,21.156000000000013,21.15600000000002,7481.381782640535,0.7415780141843972,0,0.0,0.0,45,72,15.244444444444444
synthetic-model,SYNTHETIC MODEL OUTPUT — NOT GPU MEASUREMENTS.,synchronized-cohort,c1-0p950_t1-0p900,17,fissionspec-horizon-2,0.95,0.9,648,38,0.9446064139941691,1618,3.358600583090379,48,2304,305.9644999999999,0.0,21.156000000000013,21.15600000000002,7530.285376244633,0.7415780141843972,0,0.0,0.0,45,72,15.244444444444444
synthetic-model,SYNTHETIC MODEL OUTPUT — NOT GPU MEASUREMENTS.,synchronized-cohort,c0-0p700_t0-0p550,29,saguaro-barrier,0.7,0.55,802,375,0.6813933729821581,1127,1.957519116397621,48,2304,526.7278333333338,2.4413333333333185,21.156000000000063,21.156000000000063,4374.175530879796,0.5500886524822695,0,1.6799875311720678,1347.3499999999983,78,149,15.08974358974359
synthetic-model,SYNTHETIC MODEL OUTPUT — NOT GPU MEASUREMENTS.,synchronized-cohort,c0-0p700_t0-0p550,29,spectre-parallel-padded,0.7,0.55,674,336,0.6673267326732674,966,1.9564356435643564,48,2304,598.189833333334,7.0519999999999925,28.208000000000084,28.208000000000084,3851.6201239350116,0.6006205673758865,935,1.2114028189911048,816.4855000000047,90,256,14.866666666666667
synthetic-model,SYNTHETIC MODEL OUTPUT — NOT GPU MEASUREMENTS.,synchronized-cohort,c0-0p700_t0-0p550,29,immediate-fission,0.7,0.55,802,375,0.6813933729821581,1127,1.957519116397621,48,2304,527.3736666666671,2.2976666666666574,21.156000000000063,21.156000000000063,4368.818819799493,0.550531914893617,0,0.0,0.0,79,150,14.89873417721519
synthetic-model,SYNTHETIC MODEL OUTPUT — NOT GPU MEASUREMENTS.,synchronized-cohort,c0-0p700_t0-0p550,29,fixed-coalesce,0.7,0.55,802,375,0.6813933729821581,1127,1.957519116397621,48,2304,532.3736666666671,3.2976666666666574,21.156000000000063,21.156000000000063,4327.787312295058,0.550531914893617,0,0.0,0.0,79,150,14.89873417721519
synthetic-model,SYNTHETIC MODEL OUTPUT — NOT GPU MEASUREMENTS.,synchronized-cohort,c0-0p700_t0-0p550,29,fissionspec-horizon-2,0.7,0.55,802,375,0.6813933729821581,1127,1.957519116397621,48,2304,527.3736666666671,2.2976666666666574,21.156000000000063,21.156000000000063,4368.818819799493,0.550531914893617,0,0.0,0.0,79,150,14.89873417721519
synthetic-model,SYNTHETIC MODEL OUTPUT — NOT GPU MEASUREMENTS.,synchronized-cohort,c0-0p700_t1-0p900,29,saguaro-barrier,0.7,0.9,459,220,0.6759941089837997,1625,3.393225331369661,48,2304,300.63666666666654,0.0,21.156000000000013,21.15600000000002,7663.735849475006,0.737145390070922,0,1.6561002178649225,760.1499999999994,44,85,15.431818181818182
synthetic-model,SYNTHETIC MODEL OUTPUT — NOT GPU MEASUREMENTS.,synchronized-cohort,c0-0p700_t1-0p900,29,spectre-parallel-padded,0.7,0.9,418,204,0.6720257234726688,1490,3.395498392282958,48,2304,365.06750000000005,0.0,28.208000000000006,28.208000000000027,6311.16163449225,0.7593085106382979,545,1.1612352472089318,485.3963333333335,55,156,14.8
synthetic-model,SYNTHETIC MODEL OUTPUT — NOT GPU MEASUREMENTS.,synchronized-cohort,c0-0p700_t1-0p900,29,immediate-fission,0.7,0.9,459,220,0.6759941089837997,1625,3.393225331369661,48,2304,300.71999999999997,0.0,21.156000000000013,21.15600000000002,7661.612130885875,0.737145390070922,0,0.0,0.0,44,84,15.431818181818182
synthetic-model,SYNTHETIC MODEL OUTPUT — NOT GPU MEASUREMENTS.,synchronized-cohort,c0-0p700_t1-0p900,29,fixed-coalesce,0.7,0.9,459,220,0.6759941089837997,1625,3.393225331369661,48,2304,301.71999999999997,0.0,21.156000000000013,21.15600000000002,7636.21901100358,0.737145390070922,0,0.0,0.0,44,84,15.431818181818182
synthetic-model,SYNTHETIC MODEL OUTPUT — NOT GPU MEASUREMENTS.,synchronized-cohort,c0-0p700_t1-0p900,29,fissionspec-horizon-2,0.7,0.9,459,220,0.6759941089837997,1625,3.393225331369661,48,2304,300.71999999999997,0.0,21.156000000000013,21.15600000000002,7661.612130885875,0.737145390070922,0,0.0,0.0,44,84,15.431818181818182
synthetic-model,SYNTHETIC MODEL OUTPUT — NOT GPU MEASUREMENTS.,synchronized-cohort,c1-0p950_t0-0p550,29,saguaro-barrier,0.95,0.55,1115,62,0.9473237043330501,1127,1.957519116397621,48,2304,524.2278333333338,2.279666666666685,21.156000000000063,21.156000000000063,4395.035619054943,0.5500886524822695,0,0.7102690582959625,791.9499999999982,78,120,15.08974358974359
synthetic-model,SYNTHETIC MODEL OUTPUT — NOT GPU MEASUREMENTS.,synchronized-cohort,c1-0p950_t0-0p550,29,spectre-parallel-padded,0.95,0.55,1089,61,0.9469565217391305,1096,1.9530434782608697,48,2304,535.971833333334,6.710000000000036,21.156000000000063,28.208000000000084,4298.7333600552965,0.5562943262411347,168,0.24027272727273138,261.6570000000045,79,160,15.291139240506329
synthetic-model,SYNTHETIC MODEL OUTPUT — NOT GPU MEASUREMENTS.,synchronized-cohort,c1-0p950_t0-0p550,29,immediate-fission,0.95,0.55,1115,62,0.9473237043330501,1127,1.957519116397621,48,2304,522.4903333333338,2.279666666666685,21.156000000000063,21.156000000000063,4409.6509600496565,0.5500886524822695,0,0.0,0.0,77,118,15.285714285714286
synthetic-model,SYNTHETIC MODEL OUTPUT — NOT GPU MEASUREMENTS.,synchronized-cohort,c1-0p950_t0-0p550,29,fixed-coalesce,0.95,0.55,1115,62,0.9473237043330501,1127,1.957519116397621,48,2304,526.4903333333338,3.279666666666685,21.156000000000063,21.156000000000063,4376.148723211755,0.5500886524822695,0,0.0,0.0,77,118,15.285714285714286
synthetic-model,SYNTHETIC MODEL OUTPUT — NOT GPU MEASUREMENTS.,synchronized-cohort,c1-0p950_t0-0p550,29,fissionspec-horizon-2,0.95,0.55,1115,62,0.9473237043330501,1127,1.957519116397621,48,2304,522.4903333333338,2.279666666666685,21.156000000000063,21.156000000000063,4409.6509600496565,0.5500886524822695,0,0.0,0.0,77,118,15.285714285714286
synthetic-model,SYNTHETIC MODEL OUTPUT — NOT GPU MEASUREMENTS.,synchronized-cohort,c1-0p950_t1-0p900,29,saguaro-barrier,0.95,0.9,642,37,0.9455081001472754,1625,3.393225331369661,48,2304,300.7199999999999,0.0,21.156000000000013,21.15600000000002,7661.6121308858765,0.737145390070922,0,0.7177570093457943,460.79999999999995,44,68,15.431818181818182
synthetic-model,SYNTHETIC MODEL OUTPUT — NOT GPU MEASUREMENTS.,synchronized-cohort,c1-0p950_t1-0p900,29,spectre-parallel-padded,0.95,0.9,633,37,0.9447761194029851,1599,3.3865671641791044,48,2304,316.3661666666667,0.0,21.15600000000002,28.20799999999999,7282.700373038204,0.7420212765957447,99,0.24383412322274708,154.3469999999989,48,97,14.6875
synthetic-model,SYNTHETIC MODEL OUTPUT — NOT GPU MEASUREMENTS.,synchronized-cohort,c1-0p950_t1-0p900,29,immediate-fission,0.95,0.9,642,37,0.9455081001472754,1625,3.393225331369661,48,2304,300.7199999999999,0.0,21.156000000000013,21.15600000000002,7661.6121308858765,0.737145390070922,0,0.0,0.0,44,68,15.431818181818182
synthetic-model,SYNTHETIC MODEL OUTPUT — NOT GPU MEASUREMENTS.,synchronized-cohort,c1-0p950_t1-0p900,29,fixed-coalesce,0.95,0.9,642,37,0.9455081001472754,1625,3.393225331369661,48,2304,301.7199999999999,0.0,21.156000000000013,21.15600000000002,7636.219011003582,0.737145390070922,0,0.0,0.0,44,68,15.431818181818182
synthetic-model,SYNTHETIC MODEL OUTPUT — NOT GPU MEASUREMENTS.,synchronized-cohort,c1-0p950_t1-0p900,29,fissionspec-horizon-2,0.95,0.9,642,37,0.9455081001472754,1625,3.393225331369661,48,2304,300.7199999999999,0.0,21.156000000000013,21.15600000000002,7661.6121308858765,0.737145390070922,0,0.0,0.0,44,68,15.431818181818182
synthetic-model,SYNTHETIC MODEL OUTPUT — NOT GPU MEASUREMENTS.,poisson,c0-0p700_t0-0p550,7,saguaro-barrier,0.7,0.55,812,367,0.6887192536047498,1125,1.9541984732824427,48,2304,535.3755000000006,3.8170000000000073,21.156000000000063,21.156000000000063,4303.521547026335,0.5554078014184397,0,1.6721059113300485,1357.7499999999993,81,157,14.555555555555555
synthetic-model,SYNTHETIC MODEL OUTPUT — NOT GPU MEASUREMENTS.,poisson,c0-0p700_t0-0p550,7,spectre-parallel-padded,0.7,0.55,708,317,0.6907317073170731,975,1.951219512195122,48,2304,591.4655000000006,7.0519999999999925,28.208000000000084,28.208000000000084,3895.408946083918,0.6108156028368794,873,1.0896242937853169,771.4540000000044,88,251,15.102272727272727
synthetic-model,SYNTHETIC MODEL OUTPUT — NOT GPU MEASUREMENTS.,poisson,c0-0p700_t0-0p550,7,immediate-fission,0.7,0.55,812,367,0.6887192536047498,1125,1.9541984732824427,48,2304,529.4588333333338,2.692666666666696,21.156000000000063,21.156000000000063,4351.613109360403,0.5571808510638298,0,0.0,0.0,80,158,14.7375
synthetic-model,SYNTHETIC MODEL OUTPUT — NOT GPU MEASUREMENTS.,poisson,c0-0p700_t0-0p550,7,fixed-coalesce,0.7,0.55,812,367,0.6887192536047498,1125,1.9541984732824427,48,2304,529.6463333333337,2.692666666666696,21.156000000000063,21.156000000000063,4350.072595612541,0.5567375886524822,0,0.0,0.0,79,156,14.924050632911392
synthetic-model,SYNTHETIC MODEL OUTPUT — NOT GPU MEASUREMENTS.,poisson,c0-0p700_t0-0p550,7,fissionspec-horizon-2,0.7,0.55,812,367,0.6887192536047498,1125,1.9541984732824427,48,2304,528.2375314869462,2.692666666666696,21.156000000000063,21.156000000000063,4361.674176226034,0.5562943262411347,0,0.0,0.0,79,156,14.924050632911392
synthetic-model,SYNTHETIC MODEL OUTPUT — NOT GPU MEASUREMENTS.,poisson,c0-0p700_t1-0p900,7,saguaro-barrier,0.7,0.9,485,212,0.6958393113342898,1607,3.3055954088952655,48,2304,311.74566666666664,0.0,21.156000000000013,21.15600000000002,7390.640019588618,0.738031914893617,0,1.609072164948452,780.3999999999993,47,91,14.829787234042554
synthetic-model,SYNTHETIC MODEL OUTPUT — NOT GPU MEASUREMENTS.,poisson,c0-0p700_t1-0p900,7,spectre-parallel-padded,0.7,0.9,454,189,0.7060653188180405,1485,3.3094867807153965,48,2304,367.8596666666668,0.0,28.208,28.208000000000027,6263.257999653852,0.7570921985815603,497,1.0405870044052878,472.4265000000007,56,159,14.625
synthetic-model,SYNTHETIC MODEL OUTPUT — NOT GPU MEASUREMENTS.,poisson,c0-0p700_t1-0p900,7,immediate-fission,0.7,0.9,485,212,0.6958393113342898,1607,3.3055954088952655,48,2304,311.84149999999994,0.0,21.15600000000002,21.15600000000002,7388.3687706735645,0.7393617021276596,0,0.0,0.0,47,92,14.829787234042554
synthetic-model,SYNTHETIC MODEL OUTPUT — NOT GPU MEASUREMENTS.,poisson,c0-0p700_t1-0p900,7,fixed-coalesce,0.7,0.9,485,212,0.6958393113342898,1607,3.3055954088952655,48,2304,313.854,0.0,21.15600000000002,21.15600000000002,7340.992945764591,0.7367021276595744,0,0.0,0.0,47,91,14.829787234042554
synthetic-model,SYNTHETIC MODEL OUTPUT — NOT GPU MEASUREMENTS.,poisson,c0-0p700_t1-0p900,7,fissionspec-horizon-2,0.7,0.9,485,212,0.6958393113342898,1607,3.3055954088952655,48,2304,312.44519815361235,0.0,21.156000000000006,21.15600000000002,7374.093164546725,0.7367021276595744,0,0.0,0.0,47,91,14.829787234042554
synthetic-model,SYNTHETIC MODEL OUTPUT — NOT GPU MEASUREMENTS.,poisson,c1-0p950_t0-0p550,7,saguaro-barrier,0.95,0.55,1114,65,0.9448685326547922,1125,1.9541984732824427,48,2304,528.1838333333337,2.674666666666667,21.156000000000063,21.156000000000063,4362.117608673492,0.5562943262411347,0,0.6851885098743261,763.2999999999993,80,121,14.7375
synthetic-model,SYNTHETIC MODEL OUTPUT — NOT GPU MEASUREMENTS.,poisson,c1-0p950_t0-0p550,7,spectre-parallel-padded,0.95,0.55,1080,63,0.9448818897637795,1100,1.9623797025371827,48,2304,536.7413333333336,6.673999999999978,21.156000000000063,28.208000000000084,4292.570474666876,0.5740248226950354,174,0.24799583333333605,267.8355000000029,80,166,15.05
synthetic-model,SYNTHETIC MODEL OUTPUT — NOT GPU MEASUREMENTS.,poisson,c1-0p950_t0-0p550,7,immediate-fission,0.95,0.55,1114,65,0.9448685326547922,1125,1.9541984732824427,48,2304,524.6213333333337,2.6926666666666392,21.156000000000063,21.156000000000063,4391.73905750433,0.5580673758865248,0,0.0,0.0,78,119,15.115384615384615
synthetic-model,SYNTHETIC MODEL OUTPUT — NOT GPU MEASUREMENTS.,poisson,c1-0p950_t0-0p550,7,fixed-coalesce,0.95,0.55,1114,65,0.9448685326547922,1125,1.9541984732824427,48,2304,526.7963333333336,3.6926666666666392,21.156000000000063,21.156000000000063,4373.606751249215,0.5589539007092199,0,0.0,0.0,77,116,15.311688311688311
synthetic-model,SYNTHETIC MODEL OUTPUT — NOT GPU MEASUREMENTS.,poisson,c1-0p950_t0-0p550,7,fissionspec-horizon-2,0.95,0.55,1114,65,0.9448685326547922,1125,1.9541984732824427,48,2304,525.262531486946,2.692666666666696,21.156000000000063,21.156000000000063,4386.377976509561,0.5598404255319149,0,0.0,0.0,78,115,15.115384615384615
synthetic-model,SYNTHETIC MODEL OUTPUT — NOT GPU MEASUREMENTS.,poisson,c1-0p950_t1-0p900,7,saguaro-barrier,0.95,0.9,663,34,0.9512195121951219,1607,3.3055954088952655,48,2304,311.8706666666666,0.0,21.156000000000006,21.15600000000002,7387.677798061592,0.7384751773049646,0,0.5923076923076922,392.69999999999993,47,69,14.829787234042554
synthetic-model,SYNTHETIC MODEL OUTPUT — NOT GPU MEASUREMENTS.,poisson,c1-0p950_t1-0p900,7,spectre-parallel-padded,0.95,0.9,660,31,0.9551374819102749,1586,3.295224312590449,48,2304,322.21099999999996,0.0,21.15600000000002,28.20799999999997,7150.593865510489,0.7424645390070922,78,0.18518181818181692,122.21999999999917,49,92,14.653061224489797
synthetic-model,SYNTHETIC MODEL OUTPUT — NOT GPU MEASUREMENTS.,poisson,c1-0p950_t1-0p900,7,immediate-fission,0.95,0.9,663,34,0.9512195121951219,1607,3.3055954088952655,48,2304,310.0331666666667,0.0,21.156000000000013,21.15600000000002,7431.462977885698,0.7384751773049646,0,0.0,0.0,46,66,15.152173913043478
synthetic-model,SYNTHETIC MODEL OUTPUT — NOT GPU MEASUREMENTS.,poisson,c1-0p950_t1-0p900,7,fixed-coalesce,0.95,0.9,663,34,0.9512195121951219,1607,3.3055954088952655,48,2304,312.07066666666657,0.0,21.156000000000013,21.15600000000002,7382.943179536262,0.7384751773049646,0,0.0,0.0,46,64,15.152173913043478
synthetic-model,SYNTHETIC MODEL OUTPUT — NOT GPU MEASUREMENTS.,poisson,c1-0p950_t1-0p900,7,fissionspec-horizon-2,0.95,0.9,663,34,0.9512195121951219,1607,3.3055954088952655,48,2304,310.61603148694564,0.0,21.15600000000002,21.15600000000002,7417.517985052329,0.7389184397163121,0,0.0,0.0,46,63,15.152173913043478
synthetic-model,SYNTHETIC MODEL OUTPUT — NOT GPU MEASUREMENTS.,poisson,c0-0p700_t0-0p550,17,saguaro-barrier,0.7,0.55,839,351,0.7050420168067227,1114,1.9361344537815126,48,2304,533.7378333333338,7.0885000000000105,21.156000000000063,21.156000000000063,4316.726033099268,0.5567375886524822,0,1.6563170441001198,1389.6500000000005,81,156,14.691358024691358
synthetic-model,SYNTHETIC MODEL OUTPUT — NOT GPU MEASUREMENTS.,poisson,c0-0p700_t0-0p550,17,spectre-parallel-padded,0.7,0.55,733,306,0.7054860442733397,975,1.9384023099133783,48,2304,593.5868333333341,7.0519999999999925,28.208000000000084,28.208000000000084,3881.4877126935326,0.5975177304964538,840,1.0777371532514852,789.9813333333386,89,250,14.932584269662922
synthetic-model,SYNTHETIC MODEL OUTPUT — NOT GPU MEASUREMENTS.,poisson,c0-0p700_t0-0p550,17,immediate-fission,0.7,0.55,839,351,0.7050420168067227,1114,1.9361344537815126,48,2304,532.0420000000004,4.530499999999961,21.156000000000063,21.156000000000063,4330.485187259649,0.5589539007092199,0,0.0,0.0,80,154,14.875
synthetic-model,SYNTHETIC MODEL OUTPUT — NOT GPU MEASUREMENTS.,poisson,c0-0p700_t0-0p550,17,fixed-coalesce,0.7,0.55,839,351,0.7050420168067227,1114,1.9361344537815126,48,2304,532.1503333333338,4.787750000000028,21.156000000000063,21.156000000000063,4329.603601989659,0.5620567375886525,0,0.0,0.0,79,154,15.063291139240507
synthetic-model,SYNTHETIC MODEL OUTPUT — NOT GPU MEASUREMENTS.,poisson,c0-0p700_t0-0p550,17,fissionspec-horizon-2,0.7,0.55,839,351,0.7050420168067227,1114,1.9361344537815126,48,2304,530.3391306801205,4.828999999999951,21.156000000000063,21.156000000000063,4344.389969952417,0.5638297872340425,0,0.0,0.0,79,154,15.063291139240507
synthetic-model,SYNTHETIC MODEL OUTPUT — NOT GPU MEASUREMENTS.,poisson,c0-0p700_t1-0p900,17,saguaro-barrier,0.7,0.9,495,193,0.7194767441860465,1616,3.3488372093023258,48,2304,308.82666666666665,0.0,21.15600000000002,21.15600000000002,7460.495639409378,0.7495567375886525,0,1.5580808080808093,771.2500000000006,47,90,14.638297872340425
synthetic-model,SYNTHETIC MODEL OUTPUT — NOT GPU MEASUREMENTS.,poisson,c0-0p700_t1-0p900,17,spectre-parallel-padded,0.7,0.9,456,181,0.7158555729984302,1496,3.3485086342229198,48,2304,362.5975,0.0,28.20799999999997,28.208000000000027,6354.153020911616,0.7712765957446809,492,1.021044956140352,465.5965000000005,55,151,14.690909090909091
synthetic-model,SYNTHETIC MODEL OUTPUT — NOT GPU MEASUREMENTS.,poisson,c0-0p700_t1-0p900,17,immediate-fission,0.7,0.9,495,193,0.7194767441860465,1616,3.3488372093023258,48,2304,307.1266666666666,0.0,21.156000000000013,21.15600000000002,7501.790792072762,0.7522163120567376,0,0.0,0.0,46,88,14.956521739130435
synthetic-model,SYNTHETIC MODEL OUTPUT — NOT GPU MEASUREMENTS.,poisson,c0-0p700_t1-0p900,17,fixed-coalesce,0.7,0.9,495,193,0.7194767441860465,1616,3.3488372093023258,48,2304,308.1141666666666,0.0,21.15600000000002,21.15600000000002,7477.747696335505,0.7522163120567376,0,0.0,0.0,46,89,14.956521739130435
synthetic-model,SYNTHETIC MODEL OUTPUT — NOT GPU MEASUREMENTS.,poisson,c0-0p700_t1-0p900,17,fissionspec-horizon-2,0.7,0.9,495,193,0.7194767441860465,1616,3.3488372093023258,48,2304,307.24879734678666,0.0,21.156000000000013,21.15600000000002,7498.808847734929,0.7544326241134752,0,0.0,0.0,46,88,14.956521739130435
synthetic-model,SYNTHETIC MODEL OUTPUT — NOT GPU MEASUREMENTS.,poisson,c1-0p950_t0-0p550,17,saguaro-barrier,0.95,0.55,1120,70,0.9411764705882353,1114,1.9361344537815126,48,2304,530.1253333333336,5.420749999999995,21.156000000000063,21.156000000000063,4346.1420443970455,0.5571808510638298,0,0.6662053571428562,746.149999999999,79,120,15.063291139240507
synthetic-model,SYNTHETIC MODEL OUTPUT — NOT GPU MEASUREMENTS.,poisson,c1-0p950_t0-0p550,17,spectre-parallel-padded,0.95,0.55,1084,70,0.9393414211438474,1084,1.9393414211438476,48,2304,543.5148333333337,6.76400000000001,21.156000000000063,28.208000000000084,4239.074738530592,0.5664893617021277,190,0.2676499077490809,290.1325000000037,81,175,15.061728395061728
synthetic-model,SYNTHETIC MODEL OUTPUT — NOT GPU MEASUREMENTS.,poisson,c1-0p950_t0-0p550,17,immediate-fission,0.95,0.55,1120,70,0.9411764705882353,1114,1.9361344537815126,48,2304,530.2628333333338,5.3795,21.156000000000063,21.156000000000063,4345.015066427746,0.56072695035461,0,0.0,0.0,79,125,15.063291139240507
synthetic-model,SYNTHETIC MODEL OUTPUT — NOT GPU MEASUREMENTS.,poisson,c1-0p950_t0-0p550,17,fixed-coalesce,0.95,0.55,1120,70,0.9411764705882353,1114,1.9361344537815126,48,2304,531.3836666666671,4.476499999999987,21.156000000000063,21.156000000000063,4335.850242542892,0.5620567375886525,0,0.0,0.0,78,121,15.256410256410257
synthetic-model,SYNTHETIC MODEL OUTPUT — NOT GPU MEASUREMENTS.,poisson,c1-0p950_t0-0p550,17,fissionspec-horizon-2,0.95,0.55,1120,70,0.9411764705882353,1114,1.9361344537815126,48,2304,528.5891306801205,4.8110000000000355,21.156000000000063,21.156000000000063,4358.77294153875,0.5647163120567376,0,0.0,0.0,78,122,15.256410256410257
synthetic-model,SYNTHETIC MODEL OUTPUT — NOT GPU MEASUREMENTS.,poisson,c1-0p950_t1-0p900,17,saguaro-barrier,0.95,0.9,652,36,0.9476744186046512,1616,3.3488372093023258,48,2304,308.9391666666667,0.0,21.156000000000013,21.15600000000002,7457.77890469267,0.7531028368794326,0,0.5629601226993874,367.05000000000064,47,67,14.638297872340425
synthetic-model,SYNTHETIC MODEL OUTPUT — NOT GPU MEASUREMENTS.,poisson,c1-0p950_t1-0p900,17,spectre-parallel-padded,0.95,0.9,643,35,0.948377581120944,1594,3.3510324483775813,48,2304,317.9508333333333,0.0,21.15600000000002,28.208,7246.403400945115,0.762854609929078,91,0.2262760497667177,145.49549999999948,48,95,14.791666666666666
synthetic-model,SYNTHETIC MODEL OUTPUT — NOT GPU MEASUREMENTS.,poisson,c1-0p950_t1-0p900,17,immediate-fission,0.95,0.9,652,36,0.9476744186046512,1616,3.3488372093023258,48,2304,307.1266666666667,0.0,21.156000000000013,21.15600000000002,7501.790792072759,0.7566489361702128,0,0.0,0.0,46,71,14.956521739130435
synthetic-model,SYNTHETIC MODEL OUTPUT — NOT GPU MEASUREMENTS.,poisson,c1-0p950_t1-0p900,17,fixed-coalesce,0.95,0.9,652,36,0.9476744186046512,1616,3.3488372093023258,48,2304,309.1433333333333,0.0,21.156000000000013,21.15600000000002,7452.853584637116,0.7553191489361702,0,0.0,0.0,46,68,14.956521739130435
synthetic-model,SYNTHETIC MODEL OUTPUT — NOT GPU MEASUREMENTS.,poisson,c1-0p950_t1-0p900,17,fissionspec-horizon-2,0.95,0.9,652,36,0.9476744186046512,1616,3.3488372093023258,48,2304,307.33629734678664,0.0,21.156000000000013,21.15600000000002,7496.673903766901,0.7593085106382979,0,0.0,0.0,46,68,14.956521739130435
synthetic-model,SYNTHETIC MODEL OUTPUT — NOT GPU MEASUREMENTS.,poisson,c0-0p700_t0-0p550,29,saguaro-barrier,0.7,0.55,796,365,0.6856158484065461,1143,1.9844961240310077,48,2304,528.785666666667,0.0,21.156000000000063,21.156000000000063,4357.152898118138,0.5687056737588653,0,1.6830402010050238,1339.699999999999,82,156,14.158536585365853
synthetic-model,SYNTHETIC MODEL OUTPUT — NOT GPU MEASUREMENTS.,poisson,c0-0p700_t0-0p550,29,spectre-parallel-padded,0.7,0.55,692,312,0.6892430278884463,1005,2.000996015936255,48,2304,581.8451666666674,7.0519999999999925,28.208000000000084,28.208000000000084,3959.8163428930498,0.6152482269503546,850,1.110702793834304,768.6063333333383,88,245,14.761363636363637
synthetic-model,SYNTHETIC MODEL OUTPUT — NOT GPU MEASUREMENTS.,poisson,c0-0p700_t0-0p550,29,immediate-fission,0.7,0.55,796,365,0.6856158484065461,1143,1.9844961240310077,48,2304,523.8440000000004,0.0,21.156000000000063,21.156000000000063,4398.255969334378,0.5709219858156028,0,0.0,0.0,80,151,14.5125
synthetic-model,SYNTHETIC MODEL OUTPUT — NOT GPU MEASUREMENTS.,poisson,c0-0p700_t0-0p550,29,fixed-coalesce,0.7,0.55,796,365,0.6856158484065461,1143,1.9844961240310077,48,2304,526.0231666666671,0.0,21.156000000000063,21.156000000000063,4380.035226585391,0.5691489361702128,0,0.0,0.0,79,152,14.69620253164557
synthetic-model,SYNTHETIC MODEL OUTPUT — NOT GPU MEASUREMENTS.,poisson,c0-0p700_t0-0p550,29,fissionspec-horizon-2,0.7,0.55,796,365,0.6856158484065461,1143,1.9844961240310077,48,2304,523.9478187711048,0.0,21.156000000000063,21.156000000000063,4397.38446741495,0.5713652482269503,0,0.0,0.0,80,153,14.5125
synthetic-model,SYNTHETIC MODEL OUTPUT — NOT GPU MEASUREMENTS.,poisson,c0-0p700_t1-0p900,29,saguaro-barrier,0.7,0.9,488,215,0.6941678520625889,1601,3.2773826458036983,48,2304,318.64383333333336,0.0,21.15600000000002,21.15600000000002,7230.643618292733,0.7393617021276596,0,1.6029713114754098,782.25,49,91,14.346938775510203
synthetic-model,SYNTHETIC MODEL OUTPUT — NOT GPU MEASUREMENTS.,poisson,c0-0p700_t1-0p900,29,spectre-parallel-padded,0.7,0.9,445,196,0.6942277691107644,1476,3.3026521060842433,48,2304,372.9678333333333,0.0,28.208,28.208000000000027,6177.476431166763,0.7632978723404256,530,1.1064138576779015,492.3541666666662,57,159,14.526315789473685
synthetic-model,SYNTHETIC MODEL OUTPUT — NOT GPU MEASUREMENTS.,poisson,c0-0p700_t1-0p900,29,immediate-fission,0.7,0.9,488,215,0.6941678520625889,1601,3.2773826458036983,48,2304,315.2813333333333,0.0,21.156000000000013,21.15600000000002,7307.758996198106,0.7437943262411347,0,0.0,0.0,48,91,14.645833333333334
synthetic-model,SYNTHETIC MODEL OUTPUT — NOT GPU MEASUREMENTS.,poisson,c0-0p700_t1-0p900,29,fixed-coalesce,0.7,0.9,488,215,0.6941678520625889,1601,3.2773826458036983,48,2304,316.33966666666674,0.0,21.156000000000013,21.15600000000002,7283.310450054212,0.738031914893617,0,0.0,0.0,48,91,14.645833333333334
synthetic-model,SYNTHETIC MODEL OUTPUT — NOT GPU MEASUREMENTS.,poisson,c0-0p700_t1-0p900,29,fissionspec-horizon-2,0.7,0.9,488,215,0.6941678520625889,1601,3.2773826458036983,48,2304,313.54765210443776,0.0,21.15600000000002,21.15600000000002,7348.165373066082,0.7415780141843972,0,0.0,0.0,47,90,14.957446808510639
synthetic-model,SYNTHETIC MODEL OUTPUT — NOT GPU MEASUREMENTS.,poisson,c1-0p950_t0-0p550,29,saguaro-barrier,0.95,0.55,1100,61,0.9474590869939707,1143,1.9844961240310077,48,2304,524.4606666666672,0.0,21.156000000000063,21.156000000000063,4393.084451201294,0.5682624113475178,0,0.5555909090909088,611.1499999999996,81,114,14.333333333333334
synthetic-model,SYNTHETIC MODEL OUTPUT — NOT GPU MEASUREMENTS.,poisson,c1-0p950_t0-0p550,29,spectre-parallel-padded,0.95,0.55,1072,59,0.9478337754199824,1117,1.9876215738284704,48,2304,532.8595000000004,3.2659999999999627,21.156000000000063,28.208000000000027,4323.841462899692,0.5687056737588653,154,0.2300666977611967,246.63150000000286,81,157,14.654320987654321
synthetic-model,SYNTHETIC MODEL OUTPUT — NOT GPU MEASUREMENTS.,poisson,c1-0p950_t0-0p550,29,immediate-fission,0.95,0.55,1100,61,0.9474590869939707,1143,1.9844961240310077,48,2304,520.8523333333337,0.0,21.156000000000063,21.156000000000063,4423.518630040373,0.5709219858156028,0,0.0,0.0,79,112,14.69620253164557
synthetic-model,SYNTHETIC MODEL OUTPUT — NOT GPU MEASUREMENTS.,poisson,c1-0p950_t0-0p550,29,fixed-coalesce,0.95,0.55,1100,61,0.9474590869939707,1143,1.9844961240310077,48,2304,524.0440000000002,0.0,21.156000000000063,21.156000000000063,4396.577386631655,0.5700354609929078,0,0.0,0.0,78,116,14.884615384615385
synthetic-model,SYNTHETIC MODEL OUTPUT — NOT GPU MEASUREMENTS.,poisson,c1-0p950_t0-0p550,29,fissionspec-horizon-2,0.95,0.55,1100,61,0.9474590869939707,1143,1.9844961240310077,48,2304,520.9394854377715,0.0,21.156000000000063,21.156000000000063,4422.778584471925,0.5713652482269503,0,0.0,0.0,79,117,14.69620253164557
synthetic-model,SYNTHETIC MODEL OUTPUT — NOT GPU MEASUREMENTS.,poisson,c1-0p950_t1-0p900,29,saguaro-barrier,0.95,0.9,668,35,0.9502133712660028,1601,3.2773826458036983,48,2304,316.5938333333333,0.0,21.156000000000013,21.15600000000002,7277.463290240967,0.738031914893617,0,0.5287425149700596,353.1999999999999,48,66,14.645833333333334
synthetic-model,SYNTHETIC MODEL OUTPUT — NOT GPU MEASUREMENTS.,poisson,c1-0p950_t1-0p900,29,spectre-parallel-padded,0.95,0.9,659,35,0.9495677233429395,1576,3.270893371757925,48,2304,325.01816666666656,0.0,21.15600000000002,28.208000000000002,7088.8345215575155,0.7455673758865248,98,0.2226762771876574,146.74366666666623,49,94,14.857142857142858
synthetic-model,SYNTHETIC MODEL OUTPUT — NOT GPU MEASUREMENTS.,poisson,c1-0p950_t1-0p900,29,immediate-fission,0.95,0.9,668,35,0.9502133712660028,1601,3.2773826458036983,48,2304,315.3271666666666,0.0,21.156000000000013,21.15600000000002,7306.69680115309,0.7415780141843972,0,0.0,0.0,48,66,14.645833333333334
synthetic-model,SYNTHETIC MODEL OUTPUT — NOT GPU MEASUREMENTS.,poisson,c1-0p950_t1-0p900,29,fixed-coalesce,0.95,0.9,668,35,0.9502133712660028,1601,3.2773826458036983,48,2304,315.5021666666666,0.0,21.156000000000013,21.15600000000002,7302.6439860687715,0.7398049645390071,0,0.0,0.0,47,67,14.957446808510639
synthetic-model,SYNTHETIC MODEL OUTPUT — NOT GPU MEASUREMENTS.,poisson,c1-0p950_t1-0p900,29,fissionspec-horizon-2,0.95,0.9,668,35,0.9502133712660028,1601,3.2773826458036983,48,2304,313.53098543777105,0.0,21.15600000000002,21.15600000000002,7348.55598652559,0.7415780141843972,0,0.0,0.0,47,69,14.957446808510639
synthetic-model,SYNTHETIC MODEL OUTPUT — NOT GPU MEASUREMENTS.,bursty,c0-0p700_t0-0p550,7,saguaro-barrier,0.7,0.55,838,311,0.7293298520452568,1155,2.0052219321148823,48,2304,521.9738333333337,0.0,21.156000000000063,21.156000000000063,4414.014367897749,0.6015070921985816,0,1.546241050119329,1295.7499999999977,79,150,14.544303797468354
synthetic-model,SYNTHETIC MODEL OUTPUT — NOT GPU MEASUREMENTS.,bursty,c0-0p700_t0-0p550,7,spectre-parallel-padded,0.7,0.55,751,275,0.7319688109161794,1022,1.996101364522417,48,2304,574.5361666666671,7.0160000000000196,28.208000000000027,28.208000000000084,4010.1914094761046,0.636968085106383,733,0.9834955614735958,738.6051666666705,87,242,14.735632183908047
synthetic-model,SYNTHETIC MODEL OUTPUT — NOT GPU MEASUREMENTS.,bursty,c0-0p700_t0-0p550,7,immediate-fission,0.7,0.55,838,311,0.7293298520452568,1155,2.0052219321148823,48,2304,517.8946666666671,0.0,21.156000000000063,21.156000000000063,4448.78109062074,0.6050531914893617,0,0.0,0.0,79,150,14.544303797468354
synthetic-model,SYNTHETIC MODEL OUTPUT — NOT GPU MEASUREMENTS.,bursty,c0-0p700_t0-0p550,7,fixed-coalesce,0.7,0.55,838,311,0.7293298520452568,1155,2.0052219321148823,48,2304,521.0571666666672,0.0,21.156000000000063,21.156000000000063,4421.779695957861,0.6041666666666666,0,0.0,0.0,78,148,14.73076923076923
synthetic-model,SYNTHETIC MODEL OUTPUT — NOT GPU MEASUREMENTS.,bursty,c0-0p700_t0-0p550,7,fissionspec-horizon-2,0.7,0.55,838,311,0.7293298520452568,1155,2.0052219321148823,48,2304,517.924727898497,0.0,21.156000000000063,21.156000000000063,4448.5228758020185,0.6063829787234043,0,0.0,0.0,79,151,14.544303797468354
synthetic-model,SYNTHETIC MODEL OUTPUT — NOT GPU MEASUREMENTS.,bursty,c0-0p700_t1-0p900,7,saguaro-barrier,0.7,0.9,511,182,0.7373737373737373,1611,3.324675324675325,48,2304,313.2068333333333,0.0,21.156000000000013,21.15600000000002,7356.161343861699,0.785904255319149,0,1.4759295499021519,754.1999999999996,48,92,14.4375
synthetic-model,SYNTHETIC MODEL OUTPUT — NOT GPU MEASUREMENTS.,bursty,c0-0p700_t1-0p900,7,spectre-parallel-padded,0.7,0.9,473,168,0.7379095163806553,1507,3.3510140405616227,48,2304,356.8786666666666,0.0,28.20799999999997,28.208000000000027,6455.975700424795,0.7916666666666666,438,0.9788065539112037,462.9754999999994,54,150,14.75925925925926
synthetic-model,SYNTHETIC MODEL OUTPUT — NOT GPU MEASUREMENTS.,bursty,c0-0p700_t1-0p900,7,immediate-fission,0.7,0.9,511,182,0.7373737373737373,1611,3.324675324675325,48,2304,310.3234999999999,0.0,21.15600000000002,21.15600000000002,7424.51022884184,0.7921099290780141,0,0.0,0.0,47,88,14.74468085106383
synthetic-model,SYNTHETIC MODEL OUTPUT — NOT GPU MEASUREMENTS.,bursty,c0-0p700_t1-0p900,7,fixed-coalesce,0.7,0.9,511,182,0.7373737373737373,1611,3.324675324675325,48,2304,312.7235,0.0,21.15600000000002,21.15600000000002,7367.530742013312,0.7903368794326241,0,0.0,0.0,46,86,15.065217391304348
synthetic-model,SYNTHETIC MODEL OUTPUT — NOT GPU MEASUREMENTS.,bursty,c0-0p700_t1-0p900,7,fissionspec-horizon-2,0.7,0.9,511,182,0.7373737373737373,1611,3.324675324675325,48,2304,310.37022789849664,0.0,21.156000000000013,21.15600000000002,7423.3924291008325,0.7956560283687943,0,0.0,0.0,47,90,14.74468085106383
synthetic-model,SYNTHETIC MODEL OUTPUT — NOT GPU MEASUREMENTS.,bursty,c1-0p950_t0-0p550,7,saguaro-barrier,0.95,0.55,1098,51,0.9556135770234987,1155,2.0052219321148823,48,2304,516.5905000000004,0.0,21.156000000000063,21.156000000000063,4460.012330850061,0.6081560283687943,0,0.6219034608378865,682.8499999999993,79,115,14.544303797468354
synthetic-model,SYNTHETIC MODEL OUTPUT — NOT GPU MEASUREMENTS.,bursty,c1-0p950_t0-0p550,7,spectre-parallel-padded,0.95,0.55,1073,51,0.9546263345195729,1132,2.00711743772242,48,2304,527.824166666667,0.0,21.156000000000063,28.208000000000027,4365.090015772295,0.6187943262411347,137,0.2075018639329003,222.649500000002,81,155,14.469135802469136
synthetic-model,SYNTHETIC MODEL OUTPUT — NOT GPU MEASUREMENTS.,bursty,c1-0p950_t0-0p550,7,immediate-fission,0.95,0.55,1098,51,0.9556135770234987,1155,2.0052219321148823,48,2304,514.8780000000004,0.0,21.156000000000063,21.156000000000063,4474.846468483793,0.6081560283687943,0,0.0,0.0,78,114,14.73076923076923
synthetic-model,SYNTHETIC MODEL OUTPUT — NOT GPU MEASUREMENTS.,bursty,c1-0p950_t0-0p550,7,fixed-coalesce,0.95,0.55,1098,51,0.9556135770234987,1155,2.0052219321148823,48,2304,521.0405000000004,0.0,21.156000000000063,21.156000000000063,4421.921136648683,0.6068262411347518,0,0.0,0.0,77,112,14.922077922077921
synthetic-model,SYNTHETIC MODEL OUTPUT — NOT GPU MEASUREMENTS.,bursty,c1-0p950_t0-0p550,7,fissionspec-horizon-2,0.95,0.55,1098,51,0.9556135770234987,1155,2.0052219321148823,48,2304,514.9247278984969,0.0,21.156000000000063,21.156000000000063,4474.440389380891,0.6103723404255319,0,0.0,0.0,78,111,14.73076923076923
synthetic-model,SYNTHETIC MODEL OUTPUT — NOT GPU MEASUREMENTS.,bursty,c1-0p950_t1-0p900,7,saguaro-barrier,0.95,0.9,659,34,0.950937950937951,1611,3.324675324675325,48,2304,312.0526666666666,0.0,21.156000000000013,21.15600000000002,7383.36904667802,0.7952127659574468,0,0.7290591805766308,480.4499999999997,48,75,14.4375
synthetic-model,SYNTHETIC MODEL OUTPUT — NOT GPU MEASUREMENTS.,bursty,c1-0p950_t1-0p900,7,spectre-parallel-padded,0.95,0.9,650,33,0.9516837481698389,1590,3.32796486090776,48,2304,320.8064999999999,0.0,21.15600000000002,28.208,7181.899369245949,0.7978723404255319,85,0.21392615384615188,139.0519999999987,49,97,14.571428571428571
synthetic-model,SYNTHETIC MODEL OUTPUT — NOT GPU MEASUREMENTS.,bursty,c1-0p950_t1-0p900,7,immediate-fission,0.95,0.9,659,34,0.950937950937951,1611,3.324675324675325,48,2304,310.3359999999999,0.0,21.156000000000013,21.15600000000002,7424.211177562386,0.7956560283687943,0,0.0,0.0,47,73,14.74468085106383
synthetic-model,SYNTHETIC MODEL OUTPUT — NOT GPU MEASUREMENTS.,bursty,c1-0p950_t1-0p900,7,fixed-coalesce,0.95,0.9,659,34,0.950937950937951,1611,3.324675324675325,48,2304,311.48599999999993,0.0,21.156000000000013,21.15600000000002,7396.801140340177,0.7938829787234043,0,0.0,0.0,46,72,15.065217391304348
synthetic-model,SYNTHETIC MODEL OUTPUT — NOT GPU MEASUREMENTS.,bursty,c1-0p950_t1-0p900,7,fissionspec-horizon-2,0.95,0.9,659,34,0.950937950937951,1611,3.324675324675325,48,2304,308.5493945651633,0.0,21.156000000000006,21.15600000000002,7467.199873287752,0.7983156028368794,0,0.0,0.0,46,68,15.065217391304348
synthetic-model,SYNTHETIC MODEL OUTPUT — NOT GPU MEASUREMENTS.,bursty,c0-0p700_t0-0p550,17,saguaro-barrier,0.7,0.55,824,359,0.6965342349957735,1121,1.9475908706677938,48,2304,535.8575000000003,4.900999999999954,21.156000000000063,21.156000000000063,4299.650560083602,0.5842198581560284,0,1.671601941747572,1377.3999999999994,80,156,14.7875
synthetic-model,SYNTHETIC MODEL OUTPUT — NOT GPU MEASUREMENTS.,bursty,c0-0p700_t0-0p550,17,spectre-parallel-padded,0.7,0.55,711,316,0.6923076923076923,975,1.9493670886075949,48,2304,591.4500000000003,7.0519999999999925,28.208000000000027,28.208000000000084,3895.5110322089763,0.6227836879432624,865,1.0975822784810167,780.3810000000029,88,250,15.102272727272727
synthetic-model,SYNTHETIC MODEL OUTPUT — NOT GPU MEASUREMENTS.,bursty,c0-0p700_t0-0p550,17,immediate-fission,0.7,0.55,824,359,0.6965342349957735,1121,1.9475908706677938,48,2304,534.5450000000005,3.03333333333336,21.156000000000063,21.156000000000063,4310.207746775291,0.5837765957446809,0,0.0,0.0,82,159,14.426829268292684
synthetic-model,SYNTHETIC MODEL OUTPUT — NOT GPU MEASUREMENTS.,bursty,c0-0p700_t0-0p550,17,fixed-coalesce,0.7,0.55,824,359,0.6965342349957735,1121,1.9475908706677938,48,2304,537.6825000000002,3.5879999999999654,21.156000000000063,21.156000000000063,4285.056701678033,0.5842198581560284,0,0.0,0.0,81,158,14.604938271604938
synthetic-model,SYNTHETIC MODEL OUTPUT — NOT GPU MEASUREMENTS.,bursty,c0-0p700_t0-0p550,17,fissionspec-horizon-2,0.7,0.55,824,359,0.6965342349957735,1121,1.9475908706677938,48,2304,532.7375089122628,3.201000000000022,21.156000000000063,21.156000000000063,4324.831575505694,0.5899822695035462,0,0.0,0.0,81,157,14.604938271604938
synthetic-model,SYNTHETIC MODEL OUTPUT — NOT GPU MEASUREMENTS.,bursty,c0-0p700_t1-0p900,17,saguaro-barrier,0.7,0.9,476,210,0.6938775510204082,1618,3.358600583090379,48,2304,313.0399999999999,0.0,21.156000000000006,21.15600000000002,7360.081778686432,0.7836879432624113,0,1.6228991596638644,772.4999999999994,48,92,14.291666666666666
synthetic-model,SYNTHETIC MODEL OUTPUT — NOT GPU MEASUREMENTS.,bursty,c0-0p700_t1-0p900,17,spectre-parallel-padded,0.7,0.9,431,197,0.6863057324840764,1492,3.375796178343949,48,2304,365.88516666666686,0.0,28.20799999999997,28.208000000000027,6297.057683398841,0.785904255319149,527,1.0788348801237457,464.97783333333444,56,149,14.5
synthetic-model,SYNTHETIC MODEL OUTPUT — NOT GPU MEASUREMENTS.,bursty,c0-0p700_t1-0p900,17,immediate-fission,0.7,0.9,476,210,0.6938775510204082,1618,3.358600583090379,48,2304,309.35249999999996,0.0,21.156000000000013,21.15600000000002,7447.814386500837,0.788563829787234,0,0.0,0.0,47,89,14.595744680851064
synthetic-model,SYNTHETIC MODEL OUTPUT — NOT GPU MEASUREMENTS.,bursty,c0-0p700_t1-0p900,17,fixed-coalesce,0.7,0.9,476,210,0.6938775510204082,1618,3.358600583090379,48,2304,310.515,0.0,21.156000000000013,21.15600000000002,7419.931404279987,0.7872340425531915,0,0.0,0.0,46,89,14.91304347826087
synthetic-model,SYNTHETIC MODEL OUTPUT — NOT GPU MEASUREMENTS.,bursty,c0-0p700_t1-0p900,17,fissionspec-horizon-2,0.7,0.9,476,210,0.6938775510204082,1618,3.358600583090379,48,2304,308.12417557892906,0.0,21.156000000000013,21.15600000000002,7477.504793874273,0.788563829787234,0,0.0,0.0,47,91,14.595744680851064
synthetic-model,SYNTHETIC MODEL OUTPUT — NOT GPU MEASUREMENTS.,bursty,c1-0p950_t0-0p550,17,saguaro-barrier,0.95,0.55,1127,56,0.9526627218934911,1121,1.9475908706677938,48,2304,531.7075000000004,4.494500000000016,21.156000000000063,21.156000000000063,4333.209518391217,0.587322695035461,0,0.6393078970718712,720.4999999999989,79,119,14.974683544303797
synthetic-model,SYNTHETIC MODEL OUTPUT — NOT GPU MEASUREMENTS.,bursty,c1-0p950_t0-0p550,17,spectre-parallel-padded,0.95,0.55,1106,55,0.9526270456503014,1092,1.9405684754521964,48,2304,540.7575000000004,6.076999999999998,21.156000000000063,28.208000000000027,4260.68986560519,0.5948581560283688,146,0.20492269439421631,226.64450000000323,81,152,14.962962962962964
synthetic-model,SYNTHETIC MODEL OUTPUT — NOT GPU MEASUREMENTS.,bursty,c1-0p950_t0-0p550,17,immediate-fission,0.95,0.55,1127,56,0.9526627218934911,1121,1.9475908706677938,48,2304,527.8741666666668,3.4359999999999786,21.156000000000063,21.156000000000063,4364.676556439428,0.5886524822695035,0,0.0,0.0,79,121,14.974683544303797
synthetic-model,SYNTHETIC MODEL OUTPUT — NOT GPU MEASUREMENTS.,bursty,c1-0p950_t0-0p550,17,fixed-coalesce,0.95,0.55,1127,56,0.9526627218934911,1121,1.9475908706677938,48,2304,532.9200000000003,3.8920000000000528,21.156000000000063,21.156000000000063,4323.35059671245,0.5868794326241135,0,0.0,0.0,79,121,14.974683544303797
synthetic-model,SYNTHETIC MODEL OUTPUT — NOT GPU MEASUREMENTS.,bursty,c1-0p950_t0-0p550,17,fissionspec-horizon-2,0.95,0.55,1127,56,0.9526627218934911,1121,1.9475908706677938,48,2304,527.9125089122626,3.5879999999999654,21.156000000000063,21.156000000000063,4364.359550311238,0.5930851063829787,0,0.0,0.0,79,122,14.974683544303797
synthetic-model,SYNTHETIC MODEL OUTPUT — NOT GPU MEASUREMENTS.,bursty,c1-0p950_t1-0p900,17,saguaro-barrier,0.95,0.9,651,35,0.9489795918367347,1618,3.358600583090379,48,2304,309.45249999999993,0.0,21.156000000000013,21.15600000000002,7445.407615062087,0.786790780141844,0,0.6268817204301073,408.0999999999998,47,69,14.595744680851064
synthetic-model,SYNTHETIC MODEL OUTPUT — NOT GPU MEASUREMENTS.,bursty,c1-0p950_t1-0p900,17,spectre-parallel-padded,0.95,0.9,639,35,0.9480712166172107,1599,3.3724035608308607,48,2304,316.27416666666664,0.0,21.15600000000002,28.20799999999997,7284.8188148995205,0.7929964539007093,90,0.21023082942096885,134.3374999999991,48,88,14.6875
synthetic-model,SYNTHETIC MODEL OUTPUT — NOT GPU MEASUREMENTS.,bursty,c1-0p950_t1-0p900,17,immediate-fission,0.95,0.9,651,35,0.9489795918367347,1618,3.358600583090379,48,2304,308.14416666666665,0.0,21.156000000000013,21.15600000000002,7477.019685050018,0.785904255319149,0,0.0,0.0,47,70,14.595744680851064
synthetic-model,SYNTHETIC MODEL OUTPUT — NOT GPU MEASUREMENTS.,bursty,c1-0p950_t1-0p900,17,fixed-coalesce,0.95,0.9,651,35,0.9489795918367347,1618,3.358600583090379,48,2304,310.2941666666666,0.0,21.156000000000013,21.15600000000002,7425.212097122892,0.7836879432624113,0,0.0,0.0,46,69,14.91304347826087
synthetic-model,SYNTHETIC MODEL OUTPUT — NOT GPU MEASUREMENTS.,bursty,c1-0p950_t1-0p900,17,fissionspec-horizon-2,0.95,0.9,651,35,0.9489795918367347,1618,3.358600583090379,48,2304,306.3033422455958,0.0,21.156000000000013,21.15600000000002,7521.955141294669,0.7943262411347518,0,0.0,0.0,46,71,14.91304347826087
synthetic-model,SYNTHETIC MODEL OUTPUT — NOT GPU MEASUREMENTS.,bursty,c0-0p700_t0-0p550,29,saguaro-barrier,0.7,0.55,811,346,0.7009507346585998,1147,1.9913569576490924,48,2304,528.1298333333336,0.0,21.156000000000063,21.156000000000063,4362.563624664261,0.5975177304964538,0,1.6261405672009892,1318.8000000000022,83,157,13.939759036144578
synthetic-model,SYNTHETIC MODEL OUTPUT — NOT GPU MEASUREMENTS.,bursty,c0-0p700_t0-0p550,29,spectre-parallel-padded,0.7,0.55,705,299,0.702191235059761,1011,2.006972111553785,48,2304,579.7705000000005,7.0160000000000196,28.208000000000027,28.208000000000084,3973.9862583556733,0.6391843971631206,833,1.0621919621749456,748.8453333333366,88,236,14.693181818181818
synthetic-model,SYNTHETIC MODEL OUTPUT — NOT GPU MEASUREMENTS.,bursty,c0-0p700_t0-0p550,29,immediate-fission,0.7,0.55,811,346,0.7009507346585998,1147,1.9913569576490924,48,2304,524.3673333333337,0.0,21.156000000000063,21.156000000000063,4393.866386286455,0.6015070921985816,0,0.0,0.0,82,156,14.109756097560975
synthetic-model,SYNTHETIC MODEL OUTPUT — NOT GPU MEASUREMENTS.,bursty,c0-0p700_t0-0p550,29,fixed-coalesce,0.7,0.55,811,346,0.7009507346585998,1147,1.9913569576490924,48,2304,528.5425000000004,0.0,21.156000000000063,21.156000000000063,4359.157494430436,0.600177304964539,0,0.0,0.0,81,155,14.283950617283951
synthetic-model,SYNTHETIC MODEL OUTPUT — NOT GPU MEASUREMENTS.,bursty,c0-0p700_t0-0p550,29,fissionspec-horizon-2,0.7,0.55,811,346,0.7009507346585998,1147,1.9913569576490924,48,2304,524.4205690911131,0.0,21.156000000000063,21.156000000000063,4393.420349611996,0.6006205673758865,0,0.0,0.0,82,157,14.109756097560975
synthetic-model,SYNTHETIC MODEL OUTPUT — NOT GPU MEASUREMENTS.,bursty,c0-0p700_t1-0p900,29,saguaro-barrier,0.7,0.9,482,212,0.6945244956772334,1610,3.319884726224784,48,2304,315.90199999999993,0.0,21.156000000000013,21.15600000000002,7293.401118068264,0.7712765957446809,0,1.6025933609958498,772.4499999999996,48,91,14.458333333333334
synthetic-model,SYNTHETIC MODEL OUTPUT — NOT GPU MEASUREMENTS.,bursty,c0-0p700_t1-0p900,29,spectre-parallel-padded,0.7,0.9,439,194,0.693522906793049,1485,3.345971563981043,48,2304,366.1383333333333,0.0,28.20799999999997,28.208000000000027,6292.7035774274755,0.7881205673758865,533,1.0838052391799537,475.7904999999997,55,150,14.89090909090909
synthetic-model,SYNTHETIC MODEL OUTPUT — NOT GPU MEASUREMENTS.,bursty,c0-0p700_t1-0p900,29,immediate-fission,0.7,0.9,482,212,0.6945244956772334,1610,3.319884726224784,48,2304,310.74366666666657,0.0,21.156000000000013,21.15600000000002,7414.471305931686,0.7792553191489362,0,0.0,0.0,47,91,14.76595744680851
synthetic-model,SYNTHETIC MODEL OUTPUT — NOT GPU MEASUREMENTS.,bursty,c0-0p700_t1-0p900,29,fixed-coalesce,0.7,0.9,482,212,0.6945244956772334,1610,3.319884726224784,48,2304,313.7436666666665,0.0,21.156000000000013,21.15600000000002,7343.574531650576,0.7770390070921985,0,0.0,0.0,47,90,14.76595744680851
synthetic-model,SYNTHETIC MODEL OUTPUT — NOT GPU MEASUREMENTS.,bursty,c0-0p700_t1-0p900,29,fissionspec-horizon-2,0.7,0.9,482,212,0.6945244956772334,1610,3.319884726224784,48,2304,310.7719024244459,0.0,21.156000000000013,21.15600000000002,7413.797650384892,0.7774822695035462,0,0.0,0.0,47,92,14.76595744680851
synthetic-model,SYNTHETIC MODEL OUTPUT — NOT GPU MEASUREMENTS.,bursty,c1-0p950_t0-0p550,29,saguaro-barrier,0.95,0.55,1104,53,0.9541918755401901,1147,1.9913569576490924,48,2304,524.638166666667,0.0,21.156000000000063,21.156000000000063,4391.598145896741,0.601063829787234,0,0.5636322463768109,622.2499999999992,80,115,14.4625
synthetic-model,SYNTHETIC MODEL OUTPUT — NOT GPU MEASUREMENTS.,bursty,c1-0p950_t0-0p550,29,spectre-parallel-padded,0.95,0.55,1079,52,0.9540229885057471,1122,1.9920424403183024,48,2304,527.1963333333337,4.231999999999971,21.156000000000063,28.208000000000027,4370.28836189427,0.613031914893617,148,0.20458480074142849,220.74700000000135,79,151,14.962025316455696
synthetic-model,SYNTHETIC MODEL OUTPUT — NOT GPU MEASUREMENTS.,bursty,c1-0p950_t0-0p550,29,immediate-fission,0.95,0.55,1104,53,0.9541918755401901,1147,1.9913569576490924,48,2304,520.8048333333337,0.0,21.156000000000063,21.156000000000063,4423.922077016051,0.6050531914893617,0,0.0,0.0,80,115,14.4625
synthetic-model,SYNTHETIC MODEL OUTPUT — NOT GPU MEASUREMENTS.,bursty,c1-0p950_t0-0p550,29,fixed-coalesce,0.95,0.55,1104,53,0.9541918755401901,1147,1.9913569576490924,48,2304,525.9673333333336,0.0,21.156000000000063,21.156000000000063,4380.5001831545915,0.6028368794326241,0,0.0,0.0,79,114,14.645569620253164
synthetic-model,SYNTHETIC MODEL OUTPUT — NOT GPU MEASUREMENTS.,bursty,c1-0p950_t0-0p550,29,fissionspec-horizon-2,0.95,0.55,1104,53,0.9541918755401901,1147,1.9913569576490924,48,2304,520.8455690911129,0.0,21.156000000000063,21.156000000000063,4423.576078453602,0.6050531914893617,0,0.0,0.0,80,115,14.4625
synthetic-model,SYNTHETIC MODEL OUTPUT — NOT GPU MEASUREMENTS.,bursty,c1-0p950_t1-0p900,29,saguaro-barrier,0.95,0.9,656,38,0.9452449567723343,1610,3.319884726224784,48,2304,312.1769999999999,0.0,21.156000000000013,21.15600000000002,7380.428410805411,0.7743794326241135,0,0.6251524390243901,410.0999999999999,47,69,14.76595744680851
synthetic-model,SYNTHETIC MODEL OUTPUT — NOT GPU MEASUREMENTS.,bursty,c1-0p950_t1-0p900,29,spectre-parallel-padded,0.95,0.9,646,37,0.9458272327964861,1585,3.320644216691069,48,2304,320.7923333333332,0.0,21.15600000000002,28.208000000000002,7182.216532606248,0.7814716312056738,107,0.24401238390092836,157.63199999999972,48,98,14.979166666666666
synthetic-model,SYNTHETIC MODEL OUTPUT — NOT GPU MEASUREMENTS.,bursty,c1-0p950_t1-0p900,29,immediate-fission,0.95,0.9,656,38,0.9452449567723343,1610,3.319884726224784,48,2304,310.8019999999999,0.0,21.156000000000013,21.15600000000002,7413.079709911779,0.7805851063829787,0,0.0,0.0,47,71,14.76595744680851
synthetic-model,SYNTHETIC MODEL OUTPUT — NOT GPU MEASUREMENTS.,bursty,c1-0p950_t1-0p900,29,fixed-coalesce,0.95,0.9,656,38,0.9452449567723343,1610,3.319884726224784,48,2304,312.96449999999993,0.0,21.156000000000013,21.15600000000002,7361.857335256876,0.7774822695035462,0,0.0,0.0,46,69,15.08695652173913
synthetic-model,SYNTHETIC MODEL OUTPUT — NOT GPU MEASUREMENTS.,bursty,c1-0p950_t1-0p900,29,fissionspec-horizon-2,0.95,0.9,656,38,0.9452449567723343,1610,3.319884726224784,48,2304,308.9760690911125,0.0,21.15600000000002,21.15600000000002,7456.888188064119,0.7828014184397163,0,0.0,0.0,46,71,15.08695652173913
